Time,CO2
1590689570.970032,548
1590689581.001035,550
1590689591.03299,551
1590689601.064403,550
1590689611.095769,548
1590689621.122729,548
1590689631.154245,546
1590689641.185654,548
